RandD,"cater largely divisions cloud aws toi limited availability lists careers page numbers mind boggling functional varied dale vaz spheres language aws chennai profiling dale vaz chennai focuses outside luxembourg dublin berlin tokyo hanold toi app mo bile focuses app app solve universe capacity handsets connectivity seen app vaz',"
RandD,"medium sized enterprises linchpin picked swee keat explore opening forum biopolis vista aug revealed double rate overall encouraging regarded vibrant payoffs spawn entrepreneurs competitive edge satellite electronics smart then went satellite providers singtel satcom others enterprise rie road map tasked chart tapping entrepreneurs institutions opening jakarta explore collaboration opportunities kuningan tie entrepreneurial arm nus enterprise ayer rajah home capitalists incubators forge closer competitive relevant possibilities cross disciplinary disciplinary sense wonder curiosity',"
RandD,"orders defence drdl times crore prasad drdl signature missile crore orders crore prasad inaugurating industrial college scientist populated industrial prasad essential hence resolve invests expenditure prasad idea spend never able spend fourth bear expenses israel scientist congratulated kct setting industrial industrial carry kct defence organization industrial suggested prasad ensuring quality essential',"
RandD,"house smith texas impassioned venky narayanamurti dean harvard paulson sciences seas hearing house narayanamurti urged members endorse boundaries basic especially fostering proper couples understand narayanamurti benjamin peirce seas believe juncture choices far reaching overemphasize basic narayanamurti panel called letting basic hurdles limit narayanamurti throated defense arpa programs reward supported proposal white house called eliminating arpa arpa narayanamurti boundaries arpa seas flow michael gene tracy sykes materials roy gorden thomas dudley cabot chemistry materials joanna aizenberg smith materials seas arpa coatings risky paradigm necessary narayanamurti written hearing narayanamurti heed call venky narayanamurti written',"
RandD,"raj troy farvardin look apple google parent alphabet confirm indisputable technological ignore constituents execute strategies innovations nurturing thrive wealth affirms strengths knowledge intensive educated advantageous lags productivity percentage succeed percentage larger fast effort goal nurturing commission commission goal commercialization supporting grants commission generate additional retention included bone grafts novel discovery innovations unfortunately commission passage overstated bill establish edison restore priority commission commercialization expansion grants attracting seed supporting attracting reaffirm statewide reposition succeed proposed edison tool look seeing fellow jerseyans raj hudson troy th farvardin institute hoboken nj twitter nj find nj',"
Executive Movement,"resignation bellwether masks rot feted export acrimony ltd malaise deeper faultline asia longest widest rupee dhiraj disrupters offshoring incumbents specialized niche environment arvind subramanian narendra modi adviser published globalization elections modi when swept emerge elections employer point parody tv dollar earners offset cheap wages developed donald trump limiting free automation search hunters estimates rife remains nasscom april quarter strongest enough meet mumbai nirmal balloon potentially weakening rupee traditionally offset headwinds decline remittances she exclusive insights exporter started net profit haul itself cuts traditional rahul jain analyst emkay ltd net little stagnant sinha emkay',"
Executive Movement,"interesting late particularly what merger warner twx wall street journal milestone reached solidifies thesis thing discussing developments why nothing monopolization unfair what recall bunch addition shaking bond suggest merger stankey name garnered wide attention cnn stay merger happens randall stephenson stankey warner integration warner jeff assume merger simply merger coming finally donovan entertainment takeaway segments serious boarding merger costing raising bond offering bond maturities serious rumors facts wall street journal talks stages what back finalization isn ultimately course adjourned weeks why formally obvious answer competition notably content warner control view stand end talks wsj piece feel confident covered situations detail discussed what table ultimately huge burden raise merger digits mid digits flows maintained aiming warner umbrella quietly previously discussed material scroll breaking articles updated box alerts myself my mentioned',"
Executive Movement,"supply supply career quickly coca join manager manager managed manager woolworths subcontractor foxlink warehousing retailers record zealand ungergone',"
Executive Movement,"businessworld kaher korea thanked implementing kaher reins sanjiv gupta sanjiv gupta driving sanjiv achieve better performance jacoby gupta honor inheriting aligned turning performance orderly transformation supports gupta responsibilities gupta vssm auto planning treasury planning analysis canada north planning analysis gupta korea thanked implementing transformation overwhelming dealers begun chevrolet beat latin responsibility sanjiv transformation',"
Executive Movement,"yet flipkart faced parting upping exits flipkart adobe alumnus iit delhi flipkart makemytrip departure follows string exits flipkart soni mukesh bansal marketplace member nagori giant bansal coo bansal mekin maheshwari flipkart ravi vora flipkart brands amod malviya flipkart position nigam marketplace flipkart ventures mukesh bansal nagori manish kumar mekin maheshwari',"
Financial Activity,"cracking sebi inspection brokers hundreds enhanced agencies abroad investigations trend sebi references matter gain loss various scrips sebi striving investigative use investigative regarding sebi regularly movements subsequently matter dealing fundamentals exchange inspection brokers participants undertaken instances bulk sebi telemarketer circulated bulk containing false alleged telemarketer did alleged engaging deceitful sought explanation hundreds records various intermediaries portfolio managers mutual respect combating cft kyc sebi recognised threats threat too sebi efforts strengthening framework minimising sebi intermediaries kyc cft guidelines carried respect brokers sebi carried special purpose cft kyc various cft brokers participants discrepancy cft related sebi mcx issued warnings monetary sebi bodies framework cft robust engagements commissions regarding sharing peers sebi sebi executed provisions memorandum sebi framework',"
Financial Activity,"tcs stepping tumbled contrary tcs blue stocks sensex grid hul bharti airtel wipro gains benchmark sensex points below nifty points below points drag drag points points sensex benchmark pharma tcs hindustan unilever grid bharti airtel helped trim points nifty points sectoral nifty nifty pharma resigning rising personal founder narayana murthy attacks governance drumbeat attacks undermined pravin rao serve interim md',"
Financial Activity,"rise says users estimated rise users surge says consultancy deloitte says adoption smartphones evolution likely adoption empowerment msmes expected enhance rise says users estimated rise users surge says rise class shopping habits shopping demography access click button remote drive says surfaced payments man says include although infused profitability perspective grown faster says rely discounts adopted different operational delays incidences cyber thefts thefts counterfeit',"
Financial Activity,"gave relief taxpayers availing transitional till file returns gave relief taxpayers availing transitional till file returns file gstr portal provider indirect ministry offered relaxation those claim transitional deposit basis self assessment till file returns those taxpayers claim transitional necessarily pay file form date ministry concerns form claim transitional gstn form gstn taxpayers taxpayers transitional settlement adjusting transitional form estimating transitional form shortfall paid payable form same paid till differential ministry initially file returns self assessment basis returns filed gstn portal filling gstr form excise vat migrated gstn portal registrations happened portal final returns filed instead file invoice instead',"
Financial Activity,economists saudi arabia investor economists expect inflation dropped saudi arabia bahrain egypt cut region islamist charge repeatedly imports foreign deposits soared exacerbating prices rapid sevenfold gas boom promoting crude prices biggest gas soccer cup aspirations tourism diplomatic crisis looked jackson economics dealt amid saudi officials inspire build facilities near port immigration permanent attract workers diplomatic bin thani sources expectations whether jackson economics farouk expect evaporated restored recommence lining despite saudi arabia surveys'